SALESCOUNTRY,CALENDARYEARMONTH,PRODUCT,PRDGLOBALFAMILY,PRDGLOBALGROUP,PRDIOBJBRAND,PRODUCTIONMONTH,PRODUCTIONWEEK,PRODUCTIONYEAR,SERIALNUMBER
ITALY,12.2017,HOL10222432 MICROWAVE CRISP,FREESTANDING,Food Preparation,HOLCHEF,5,21,2014,405201354
ITALY,09.2017,HOL30300932 2WE SLOWCOOCKER,FREESTANDING,Food Preparation,HOLCHEF,4,17,2015,151517004976
ITALY,02.2017,HOL30300932 2WE SLOWCOOCKER,FREESTANDING,Food Preparation,HOLCHEF,4,18,2015,151518000523
ITALY,03.2017,HOL3242 SOUSVIDE,FREESTANDING,Food Preparation,HOLCHEF,5,21,2015,151521006004
ITALY,10.2017,HOL32421 IMMERSION BLENDER,FREESTANDING,Food Preparation,HOLCHEF,7,27,2015,151527002038
ITALY,11.2017,HOL32421 IMMERSION BLENDER,FREESTANDING,Food Preparation,HOLCHEF,7,27,2015,151527002038
ITALY,12.2017,HOL32421 IMMERSION BLENDER,FREESTANDING,Food Preparation,HOLCHEF,7,27,2015,151527002038
ITALY,12.2017,HOL94982 KITCKHEN SCALE,FREESTANDING,Food Preparation,HOLCHEF,7,28,2015,151528004266
ITALY,04.2017,HOL94982 KITCKHEN SCALE,FREESTANDING,Food Preparation,HOLCHEF,7,29,2015,151529001049
ITALY,03.2017,HOL3242 SOUSVIDE,FREESTANDING,Food Preparation,HOLCHEF,7,30,2015,151530003197
ITALY,06.2017,HOL3242 SOUSVIDE,FREESTANDING,Food Preparation,HOLCHEF,9,38,2015,151538006498
ITALY,06.2017,HOL30300932 2WE SLOWCOOCKER,FREESTANDING,Food Preparation,HOLCHEF,10,42,2015,151542004892
ITALY,10.2017,HOL30300932 2WE SLOWCOOCKER,FREESTANDING,Food Preparation,HOLCHEF,10,42,2015,151542004892
ITALY,04.2017,HOL30300932 2WE SLOWCOOCKER,FREESTANDING,Food Preparation,HOLCHEF,11,45,2015,151545000806
ITALY,07.2017,HOL30300932 2WE SLOWCOOCKER,FREESTANDING,Food Preparation,HOLCHEF,11,45,2015,151545008068
ITALY,01.2017,HOL3242 SOUSVIDE,FREESTANDING,Food Preparation,HOLCHEF,12,49,2015,151549002328
ITALY,05.2017,HOL94982 KITCKHEN SCALE,FREESTANDING,Food Preparation,HOLCHEF,12,49,2015,151549004654
ITALY,06.2017,HOL94982 KITCKHEN SCALE,FREESTANDING,Food Preparation,HOLCHEF,12,49,2015,151549004654
ITALY,03.2017,HOL94982 KITCKHEN SCALE,FREESTANDING,Food Preparation,HOLCHEF,1,1,2016,151601001345
ITALY,08.2017,HOL94982 KITCKHEN SCALE,FREESTANDING,Food Preparation,HOLCHEF,1,2,2016,151602009126
ITALY,12.2017,HOL30300932 2WE SLOWCOOCKER,FREESTANDING,Food Preparation,HOLCHEF,2,5,2016,151605008059
ITALY,05.2017,HOL30300932 2WE SLOWCOOCKER,FREESTANDING,Food Preparation,HOLCHEF,3,9,2016,151609007800
ITALY,05.2017,HOL94982 KITCKHEN SCALE,FREESTANDING,Food Preparation,HOLCHEF,3,10,2016,151610008337
ITALY,06.2017,HOL30300932 2WE SLOWCOOCKER,FREESTANDING,Food Preparation,HOLCHEF,4,14,2016,151614002810
ITALY,09.2017,HOL94982 KITCKHEN SCALE,FREESTANDING,Food Preparation,HOLCHEF,5,21,2016,151621007768
ITALY,05.2017,HOL94982 KITCKHEN SCALE,FREESTANDING,Food Preparation,HOLCHEF,5,21,2016,151621007785
ITALY,07.2017,HOL94982 KITCKHEN SCALE,FREESTANDING,Food Preparation,HOLCHEF,5,21,2016,151621007785
ITALY,03.2017,HOL94982 KITCKHEN SCALE,FREESTANDING,Food Preparation,HOLCHEF,6,24,2016,151624005357
ITALY,05.2017,HOL3242 SOUSVIDE,FREESTANDING,Food Preparation,HOLCHEF,7,29,2016,151629006009
ITALY,11.2017,HOL30300932 2WE SLOWCOOCKER,FREESTANDING,Food Preparation,HOLCHEF,8,33,2016,151633004577
ITALY,10.2017,HOL3242 SOUSVIDE,FREESTANDING,Food Preparation,HOLCHEF,9,39,2016,151639006142
ITALY,01.2017,HOL3242 SOUSVIDE,FREESTANDING,Food Preparation,HOLCHEF,10,43,2016,151643001026
ITALY,02.2017,HOL94982 KITCKHEN SCALE,FREESTANDING,Food Preparation,HOLCHEF,11,47,2016,151647001470
ITALY,05.2017,HOL32421 IMMERSION BLENDER,FREESTANDING,Food Preparation,HOLCHEF,11,47,2016,151647002992
ITALY,11.2017,HOL30300932 2WE SLOWCOOCKER,FREESTANDING,Food Preparation,HOLCHEF,11,48,2016,151648000800
ITALY,12.2017,HOL30300932 2WE SLOWCOOCKER,FREESTANDING,Food Preparation,HOLCHEF,11,48,2016,151648000800
ITALY,03.2017,HOL94982 KITCKHEN SCALE,FREESTANDING,Food Preparation,HOLCHEF,12,49,2016,151649002144
ITALY,04.2017,HOL94982 KITCKHEN SCALE,FREESTANDING,Food Preparation,HOLCHEF,12,51,2016,151651002105
ITALY,11.2017,HOL94982 KITCKHEN SCALE,FREESTANDING,Food Preparation,HOLCHEF,1,4,2017,151704000226
ITALY,12.2017,HOL94982 KITCKHEN SCALE,FREESTANDING,Food Preparation,HOLCHEF,1,4,2017,151704000226
ITALY,05.2017,HOL3242 SOUSVIDE,FREESTANDING,Food Preparation,HOLCHEF,1,4,2017,151704001689
ITALY,05.2017,HOL94982 KITCKHEN SCALE,FREESTANDING,Food Preparation,HOLCHEF,2,5,2017,151705005043
ITALY,11.2017,HOL32421 IMMERSION BLENDER,FREESTANDING,Food Preparation,HOLCHEF,2,8,2017,151708005655
ITALY,07.2017,HOL32421 IMMERSION BLENDER,FREESTANDING,Food Preparation,HOLCHEF,2,8,2017,151708005698
ITALY,09.2017,HOL32421 IMMERSION BLENDER,FREESTANDING,Food Preparation,HOLCHEF,2,8,2017,151708005705
ITALY,07.2017,HOL32421 IMMERSION BLENDER,FREESTANDING,Food Preparation,HOLCHEF,2,8,2017,151708005868
ITALY,10.2017,HOL30300932 2WE SLOWCOOCKER,FREESTANDING,Food Preparation,HOLCHEF,3,11,2017,151711006168
ITALY,09.2017,HOL32421 IMMERSION BLENDER,FREESTANDING,Food Preparation,HOLCHEF,3,11,2017,151711006770
ITALY,09.2017,HOL32421 IMMERSION BLENDER,FREESTANDING,Food Preparation,HOLCHEF,3,11,2017,151711006770
ITALY,11.2017,HOL3242 SOUSVIDE,FREESTANDING,Food Preparation,HOLCHEF,3,13,2017,151713003389
ITALY,12.2017,HOL3242 SOUSVIDE,FREESTANDING,Food Preparation,HOLCHEF,3,13,2017,151713003389
ITALY,12.2017,HOL32421 IMMERSION BLENDER,FREESTANDING,Food Preparation,HOLCHEF,4,15,2017,151715001092
ITALY,09.2017,HOL3242 SOUSVIDE,FREESTANDING,Food Preparation,HOLCHEF,4,15,2017,151715004025
ITALY,08.2017,HOL32421 IMMERSION BLENDER,FREESTANDING,Food Preparation,HOLCHEF,4,16,2017,151716006487
ITALY,10.2017,HOL32421 IMMERSION BLENDER,FREESTANDING,Food Preparation,HOLCHEF,5,19,2017,151719000688
ITALY,10.2017,HOL3242 SOUSVIDE,FREESTANDING,Food Preparation,HOLCHEF,5,21,2017,151721006670
ITALY,10.2017,HOL3242 SOUSVIDE,FREESTANDING,Food Preparation,HOLCHEF,5,21,2017,151721006682
ITALY,07.2017,HOL32421 IMMERSION BLENDER,FREESTANDING,Food Preparation,HOLCHEF,5,22,2017,151722006321
ITALY,12.2017,HOL94982 KITCKHEN SCALE,FREESTANDING,Food Preparation,HOLCHEF,6,24,2017,151724004012
ITALY,08.2017,HOL3242 SOUSVIDE,FREESTANDING,Food Preparation,HOLCHEF,7,28,2017,151728006656
ITALY,11.2017,HOL94982 KITCKHEN SCALE,FREESTANDING,Food Preparation,HOLCHEF,7,29,2017,151729002581
ITALY,12.2017,HOL3242 SOUSVIDE,FREESTANDING,Food Preparation,HOLCHEF,7,29,2017,151729009831
ITALY,12.2017,HOL94982 KITCKHEN SCALE,FREESTANDING,Food Preparation,HOLCHEF,9,38,2017,151738002577
ITALY,07.2017,HOL23423421 RICEBOILER,FREESTANDING,Food Preparation,HOLCHEF,1,3,2013,221303033740
ITALY,11.2017,HOL32421 IMMERSION BLENDER,FREESTANDING,Food Preparation,HOLCHEF,11,48,2015,391548021071
ITALY,03.2017,HOL10222432 MICROWAVE CRISP,FREESTANDING,Food Preparation,HOLCHEF,4,17,2012,421217015651
ITALY,12.2017,HOL10222432 MICROWAVE CRISP,FREESTANDING,Food Preparation,HOLCHEF,4,17,2012,421217022349
ITALY,11.2017,HOL10222432 MICROWAVE CRISP IK,FREESTANDING,Food Preparation,HOLCHEF,2,8,2013,421308014067
ITALY,09.2017,HOL10222432 MICROWAVE CRISP,FREESTANDING,Food Preparation,HOLCHEF,6,23,2013,421323013576
ITALY,11.2017,HOL10222432 MICROWAVE CRISP,FREESTANDING,Food Preparation,HOLCHEF,6,25,2013,421325013934
ITALY,02.2017,HOL10222432 MICROWAVE CRISP,FREESTANDING,Food Preparation,HOLCHEF,6,25,2013,421325014552
ITALY,03.2017,HOL10222432 MICROWAVE CRISP,FREESTANDING,Food Preparation,HOLCHEF,7,28,2013,421328012599
ITALY,09.2017,HOL10222432 MICROWAVE CRISP,FREESTANDING,Food Preparation,HOLCHEF,7,31,2013,421331010247
ITALY,03.2017,HOL10222432 MICROWAVE CRISP,FREESTANDING,Food Preparation,HOLCHEF,3,10,2014,421410015690
ITALY,07.2017,HOL10222432 MICROWAVE CRISP,FREESTANDING,Food Preparation,HOLCHEF,3,10,2014,421410015690
ITALY,10.2017,HOL10222432 MICROWAVE CRISP,FREESTANDING,Food Preparation,HOLCHEF,3,10,2014,421410015690
ITALY,03.2017,HOL23423421 RICEBOILER,FREESTANDING,Food Preparation,HOLCHEF,3,10,2014,421410015748
ITALY,10.2017,HOL10222432 MICROWAVE CRISP,FREESTANDING,Food Preparation,HOLCHEF,3,10,2014,421410015815
ITALY,07.2017,HOL10222432 MICROWAVE CRISP IK,FREESTANDING,Food Preparation,HOLCHEF,4,16,2014,421416002410
ITALY,10.2017,HOL10222432 MICROWAVE CRISP IK,FREESTANDING,Food Preparation,HOLCHEF,4,16,2014,421416002410
ITALY,11.2017,HOL10222432 MICROWAVE CRISP,FREESTANDING,Food Preparation,HOLCHEF,5,22,2014,421422005329
ITALY,09.2017,HOL10222432 MICROWAVE CRISP IK,FREESTANDING,Food Preparation,HOLCHEF,7,29,2014,421429011734
ITALY,02.2017,HOL10222432 MICROWAVE CRISP,FREESTANDING,Food Preparation,HOLCHEF,8,35,2014,421435002864
ITALY,05.2017,HOL10222432 MICROWAVE CRISP,FREESTANDING,Food Preparation,HOLCHEF,9,36,2014,421436015421
ITALY,03.2017,HOL10222432 MICROWAVE CRISP,FREESTANDING,Food Preparation,HOLCHEF,11,47,2014,421447011112
ITALY,03.2017,HOL10222432 MICROWAVE CRISP,FREESTANDING,Food Preparation,HOLCHEF,11,47,2014,421447011528
ITALY,06.2017,HOL10222432 MICROWAVE CRISP,FREESTANDING,Food Preparation,HOLCHEF,11,47,2014,421447011528
ITALY,09.2017,HOL10222432 MICROWAVE CRISP,FREESTANDING,Food Preparation,HOLCHEF,11,48,2014,421448002626
ITALY,09.2017,HOL10222432 MICROWAVE CRISP IK,FREESTANDING,Food Preparation,HOLCHEF,1,2,2015,421502017204
ITALY,11.2017,HOL23423421 RICEBOILER,FREESTANDING,Food Preparation,HOLCHEF,2,7,2015,421507003880
ITALY,02.2017,HOL23423421 RICEBOILER,FREESTANDING,Food Preparation,HOLCHEF,3,10,2015,421510004262
ITALY,02.2017,HOL23423421 RICEBOILER,FREESTANDING,Food Preparation,HOLCHEF,4,14,2015,421514011751
ITALY,10.2017,HOL23423421 RICEBOILER,FREESTANDING,Food Preparation,HOLCHEF,4,17,2015,421517001517
ITALY,03.2017,HOL23423421 RICEBOILER,FREESTANDING,Food Preparation,HOLCHEF,4,18,2015,421518007996
ITALY,01.2017,HOL23423421 RICEBOILER,FREESTANDING,Food Preparation,HOLCHEF,4,18,2015,421518008003
ITALY,01.2017,HOL23423421 RICEBOILER,FREESTANDING,Food Preparation,HOLCHEF,5,19,2015,421519012974
ITALY,03.2017,HOL23423421 RICEBOILER,FREESTANDING,Food Preparation,HOLCHEF,8,32,2015,421532011000
ITALY,05.2017,HOL23423421 RICEBOILER,FREESTANDING,Food Preparation,HOLCHEF,8,32,2015,421532011008
ITALY,02.2017,HOL23423421 RICEBOILER,FREESTANDING,Food Preparation,HOLCHEF,8,32,2015,421532011009
ITALY,04.2017,HOL23423421 RICEBOILER,FREESTANDING,Food Preparation,HOLCHEF,8,32,2015,421532011502
ITALY,04.2017,HOL23423421 RICEBOILER,FREESTANDING,Food Preparation,HOLCHEF,8,32,2015,421532011664
ITALY,01.2017,HOL23423421 RICEBOILER,FREESTANDING,Food Preparation,HOLCHEF,9,39,2015,421539014249
ITALY,12.2017,HOL23423421 RICEBOILER,FREESTANDING,Food Preparation,HOLCHEF,10,43,2015,421543012769
ITALY,10.2017,HOL23423421 RICEBOILER,FREESTANDING,Food Preparation,HOLCHEF,11,48,2015,421548008947
ITALY,09.2017,HOL23423421 RICEBOILER,FREESTANDING,Food Preparation,HOLCHEF,11,48,2015,421548009530
ITALY,07.2017,HOL23423421 RICEBOILER,FREESTANDING,Food Preparation,HOLCHEF,12,51,2015,421551008828
ITALY,06.2017,HOL23423421 RICEBOILER,FREESTANDING,Food Preparation,HOLCHEF,12,51,2015,421551009077
ITALY,01.2017,HOL23423421 RICEBOILER,FREESTANDING,Food Preparation,HOLCHEF,2,7,2016,421607000243
ITALY,11.2017,HOL23423421 RICEBOILER,FREESTANDING,Food Preparation,HOLCHEF,3,10,2016,421610003715
ITALY,02.2017,HOL23423421 RICEBOILER,FREESTANDING,Food Preparation,HOLCHEF,3,12,2016,421612002695
ITALY,01.2017,HOL23423421 RICEBOILER,FREESTANDING,Food Preparation,HOLCHEF,3,12,2016,421612002713
ITALY,11.2017,HOL23423421 RICEBOILER,FREESTANDING,Food Preparation,HOLCHEF,3,13,2016,421613002491
ITALY,04.2017,HOL23423421 RICEBOILER,FREESTANDING,Food Preparation,HOLCHEF,4,16,2016,421616008508
ITALY,04.2017,HOL23423421 RICEBOILER,FREESTANDING,Food Preparation,HOLCHEF,5,18,2016,421618000210
ITALY,09.2017,HOL23423421 RICEBOILER,FREESTANDING,Food Preparation,HOLCHEF,7,27,2016,421627005319
ITALY,04.2017,HOL23423421 RICEBOILER,FREESTANDING,Food Preparation,HOLCHEF,7,30,2016,421630001744
ITALY,06.2017,HOL23423421 RICEBOILER,FREESTANDING,Food Preparation,HOLCHEF,8,31,2016,421631000605
ITALY,09.2017,HOL23423421 RICEBOILER,FREESTANDING,Food Preparation,HOLCHEF,8,31,2016,421631000605
ITALY,11.2017,HOL23423421 RICEBOILER,FREESTANDING,Food Preparation,HOLCHEF,9,37,2016,421637001170
ITALY,11.2017,HOL23423421 RICEBOILER,FREESTANDING,Food Preparation,HOLCHEF,11,44,2016,421644002748
ITALY,10.2017,HOL23423421 RICEBOILER,FREESTANDING,Food Preparation,HOLCHEF,11,48,2016,421648000852
ITALY,09.2017,HOL23423421 RICEBOILER,FREESTANDING,Food Preparation,HOLCHEF,11,48,2016,421648000966
ITALY,10.2017,HOL23423421 RICEBOILER,FREESTANDING,Food Preparation,HOLCHEF,11,48,2016,421648000992
ITALY,09.2017,HOL23423421 RICEBOILER,FREESTANDING,Food Preparation,HOLCHEF,12,49,2016,421649002091
ITALY,09.2017,HOL23423421 RICEBOILER,FREESTANDING,Food Preparation,HOLCHEF,12,49,2016,421649002337
ITALY,07.2017,HOL23423421 RICEBOILER,FREESTANDING,Food Preparation,HOLCHEF,1,1,2017,421701002909
ITALY,10.2017,HOL23423421 RICEBOILER,FREESTANDING,Food Preparation,HOLCHEF,1,4,2017,421704000283
ITALY,12.2017,HOL23423421 RICEBOILER,FREESTANDING,Food Preparation,HOLCHEF,3,10,2017,421710001062
ITALY,11.2017,HOL23423421 RICEBOILER,FREESTANDING,Food Preparation,HOLCHEF,4,15,2017,421715001338
ITALY,12.2017,HOL23423421 RICEBOILER,FREESTANDING,Food Preparation,HOLCHEF,4,15,2017,421715006175
ITALY,12.2017,HOL23423421 RICEBOILER,FREESTANDING,Food Preparation,HOLCHEF,4,15,2017,421715006394
ITALY,12.2017,HOL23423421 RICEBOILER,FREESTANDING,Food Preparation,HOLCHEF,5,21,2017,421721002142
ITALY,12.2017,HOL23423421 RICEBOILER,FREESTANDING,Food Preparation,HOLHOME,1,1,2012,201040812
ITALY,03.2017,HOL23423421 RICEBOILER,FREESTANDING,Food Preparation,HOLHOME,1,3,2012,201220407
ITALY,03.2017,HOL23423421 RICEBOILER,FREESTANDING,Food Preparation,HOLHOME,1,3,2012,201220609
ITALY,11.2017,HOL23423421 RICEBOILER,FREESTANDING,Food Preparation,HOLHOME,3,10,2012,203080872
ITALY,10.2017,HOL23423421 RICEBOILER,FREESTANDING,Food Preparation,HOLHOME,6,26,2012,206260143
ITALY,01.2017,HOL9472 THERMOMETER,FREESTANDING,Food Preparation,HOLHOME,1,4,2013,301240148
ITALY,06.2017,HOL23423421 RICEBOILER,FREESTANDING,Food Preparation,HOLHOME,7,29,2013,307170024
ITALY,05.2017,HOL9472 THERMOMETER,FREESTANDING,Food Preparation,HOLHOME,8,33,2013,308130025
ITALY,10.2017,HOL9472 THERMOMETER,FREESTANDING,Food Preparation,HOLHOME,3,11,2014,403110149
ITALY,10.2017,HOL9472 THERMOMETER,FREESTANDING,Food Preparation,HOLHOME,3,11,2014,403110149
ITALY,06.2017,HOL9472 THERMOMETER,FREESTANDING,Food Preparation,HOLHOME,4,16,2014,404170880
ITALY,07.2017,HOL9472 THERMOMETER,FREESTANDING,Food Preparation,HOLHOME,4,18,2014,404280563
ITALY,02.2017,HOL23423421 RICEBOILER,FREESTANDING,Food Preparation,HOLHOME,5,20,2014,405120170
ITALY,09.2017,HOL9472 THERMOMETER,FREESTANDING,Food Preparation,HOLHOME,6,23,2014,406060277
ITALY,09.2017,HOL9472 THERMOMETER,FREESTANDING,Food Preparation,HOLHOME,8,35,2014,408300200
ITALY,09.2017,HOL9472 THERMOMETER,FREESTANDING,Food Preparation,HOLHOME,8,35,2014,408300200
ITALY,05.2017,HOL23423421 RICEBOILER,FREESTANDING,Food Preparation,HOLHOME,10,42,2014,410166090
ITALY,02.2017,HOL9472 THERMOMETER,FREESTANDING,Food Preparation,HOLHOME,12,52,2014,412250075
ITALY,06.2017,HOL9472 THERMOMETER,FREESTANDING,Food Preparation,HOLHOME,1,5,2015,501290645
ITALY,02.2017,HOL9472 THERMOMETER,FREESTANDING,Food Preparation,HOLHOME,3,11,2015,503090050
ITALY,01.2017,HOL9472 THERMOMETER,FREESTANDING,Food Preparation,HOLHOME,4,16,2015,504130548
ITALY,12.2017,HOL23423421 RICEBOILER,FREESTANDING,Food Preparation,HOLHOME,4,16,2015,504170982
ITALY,04.2017,HOL23423421 RICEBOILER,FREESTANDING,Food Preparation,HOLHOME,4,16,2015,504171044
ITALY,12.2017,HOL23423421 RICEBOILER,FREESTANDING,Food Preparation,HOLHOME,4,16,2015,504171063
ITALY,07.2017,HOL23423421 RICEBOILER,FREESTANDING,Food Preparation,HOLHOME,7,27,2015,507020603
ITALY,03.2017,HOL9472 THERMOMETER,FREESTANDING,Food Preparation,HOLHOME,7,28,2015,507080003
ITALY,04.2017,HOL9472 THERMOMETER,FREESTANDING,Food Preparation,HOLHOME,7,28,2015,507080003
ITALY,10.2017,HOL9472 THERMOMETER,FREESTANDING,Food Preparation,HOLHOME,7,28,2015,507080641
ITALY,03.2017,HOL9472 THERMOMETER,FREESTANDING,Food Preparation,HOLHOME,7,28,2015,507080950
ITALY,10.2017,HOL9472 THERMOMETER,FREESTANDING,Food Preparation,HOLHOME,7,28,2015,507081066
ITALY,06.2017,HOL9472 THERMOMETER,FREESTANDING,Food Preparation,HOLHOME,9,37,2015,509100093
ITALY,06.2017,HOL9472 THERMOMETER,FREESTANDING,Food Preparation,HOLHOME,10,42,2015,510130051
ITALY,06.2017,HOL9472 THERMOMETER,FREESTANDING,Food Preparation,HOLHOME,10,42,2015,510130051
ITALY,05.2017,HOL9472 THERMOMETER,FREESTANDING,Food Preparation,HOLHOME,10,42,2015,510130052
ITALY,10.2017,HOL9472 THERMOMETER,FREESTANDING,Food Preparation,HOLHOME,10,42,2015,510130202
ITALY,11.2017,HOL9472 THERMOMETER,FREESTANDING,Food Preparation,HOLHOME,10,42,2015,510130202
ITALY,01.2017,HOL9472 THERMOMETER,FREESTANDING,Food Preparation,HOLHOME,11,45,2015,511050033
ITALY,12.2017,HOL23423421 RICEBOILER MICROWAVE OA,FREESTANDING,Food Preparation,HOLHOME,11,45,2015,511050144
ITALY,04.2017,HOL9472 THERMOMETER MICROWAVE OA,FREESTANDING,Food Preparation,HOLHOME,11,45,2015,511050325
ITALY,04.2017,HOL9472 THERMOMETER,FREESTANDING,Food Preparation,HOLHOME,11,45,2015,511050377
ITALY,07.2017,HOL10222432 MICROWAVE CRISP,FREESTANDING,Food Preparation,HOLHOME,11,46,2015,511120112
ITALY,03.2017,HOL23423421 RICEBOILER,FREESTANDING,Food Preparation,HOLHOME,12,49,2015,512030012
ITALY,02.2017,HOL9472 THERMOMETER,FREESTANDING,Food Preparation,HOLHOME,12,49,2015,512030027
ITALY,02.2017,HOL9472 THERMOMETER,FREESTANDING,Food Preparation,HOLHOME,12,49,2015,512030028
ITALY,12.2017,HOL23423421 RICEBOILER,FREESTANDING,Food Preparation,HOLHOME,1,1,2016,601060481
ITALY,07.2017,HOL9472 THERMOMETER,FREESTANDING,Food Preparation,HOLHOME,1,2,2016,601120353
ITALY,08.2017,HOL9472 THERMOMETER,FREESTANDING,Food Preparation,HOLHOME,1,2,2016,601120353
ITALY,09.2017,HOL9472 THERMOMETER,FREESTANDING,Food Preparation,HOLHOME,2,5,2016,602010119
ITALY,03.2017,HOL9472 THERMOMETER,FREESTANDING,Food Preparation,HOLHOME,3,9,2016,603020170
ITALY,10.2017,HOL9472 THERMOMETER,FREESTANDING,Food Preparation,HOLHOME,3,9,2016,603020214
ITALY,06.2017,HOL23423421 RICEBOILER,FREESTANDING,Food Preparation,HOLHOME,3,9,2016,603020371
ITALY,12.2017,HOL23423421 RICEBOILER,FREESTANDING,Food Preparation,HOLHOME,3,9,2016,603020390
ITALY,08.2017,HOL23423421 RICEBOILER,FREESTANDING,Food Preparation,HOLHOME,3,9,2016,603020396
ITALY,03.2017,HOL23423421 RICEBOILER,FREESTANDING,Food Preparation,HOLHOME,3,9,2016,603020410
ITALY,09.2017,HOL23423421 RICEBOILER,FREESTANDING,Food Preparation,HOLHOME,3,9,2016,603020410
ITALY,09.2017,HOL23423421 RICEBOILER,FREESTANDING,Food Preparation,HOLHOME,3,9,2016,603020410
ITALY,05.2017,HOL23423421 RICEBOILER,FREESTANDING,Food Preparation,HOLHOME,3,9,2016,603020413
ITALY,05.2017,HOL23423421 RICEBOILER,FREESTANDING,Food Preparation,HOLHOME,3,9,2016,603020474
ITALY,08.2017,HOL23423421 RICEBOILER,FREESTANDING,Food Preparation,HOLHOME,3,9,2016,603020482
ITALY,12.2017,HOL23423421 RICEBOILER,FREESTANDING,Food Preparation,HOLHOME,3,9,2016,603020491
ITALY,03.2017,HOL3242 SOUSVIDE,FREESTANDING,Food Preparation,HOLHOME,3,9,2016,603030927
ITALY,12.2017,HOL3242 SOUSVIDE,FREESTANDING,Food Preparation,HOLHOME,3,12,2016,603241542
ITALY,05.2017,HOL3242 SOUSVIDE,FREESTANDING,Food Preparation,HOLHOME,3,12,2016,603241607
ITALY,06.2017,HOL9472 THERMOMETER,FREESTANDING,Food Preparation,HOLHOME,4,14,2016,604050333
ITALY,02.2017,HOL9472 THERMOMETER,FREESTANDING,Food Preparation,HOLHOME,4,14,2016,604050380
ITALY,03.2017,HOL9472 THERMOMETER,FREESTANDING,Food Preparation,HOLHOME,4,14,2016,604050380
ITALY,07.2017,HOL9472 THERMOMETER,FREESTANDING,Food Preparation,HOLHOME,4,14,2016,604050451
ITALY,11.2017,HOL9472 THERMOMETER,FREESTANDING,Food Preparation,HOLHOME,4,14,2016,604050518
ITALY,07.2017,HOL9472 THERMOMETER,FREESTANDING,Food Preparation,HOLHOME,4,14,2016,604050646
ITALY,05.2017,HOL9472 THERMOMETER,FREESTANDING,Food Preparation,HOLHOME,4,14,2016,604050655
ITALY,11.2017,HOL9472 THERMOMETER,FREESTANDING,Food Preparation,HOLHOME,4,14,2016,604050831
ITALY,10.2017,HOL10222432 MICROWAVE CRISP,FREESTANDING,Food Preparation,HOLHOME,4,15,2016,604162389
ITALY,10.2017,HOL9472 THERMOMETER,FREESTANDING,Food Preparation,HOLHOME,5,18,2016,605030037
ITALY,10.2017,HOL9472 THERMOMETER,FREESTANDING,Food Preparation,HOLHOME,5,18,2016,605030232
ITALY,07.2017,HOL26514 FOOD STORAGE CONTAINER,FREESTANDING,Food Preparation,HOLHOME,6,22,2016,606015754
ITALY,02.2017,HOL26514 FOOD STORAGE CONTAINER,FREESTANDING,Food Preparation,HOLHOME,6,22,2016,606015767
ITALY,11.2017,HOL23423421 RICEBOILER MICROWAVE OA,FREESTANDING,Food Preparation,HOLHOME,6,23,2016,606090273
ITALY,10.2017,HOL26514 FOOD STORAGE CONTAINER,FREESTANDING,Food Preparation,HOLHOME,6,23,2016,606106169
ITALY,11.2017,HOL26514 FOOD STORAGE CONTAINER,FREESTANDING,Food Preparation,HOLHOME,6,23,2016,606106169
ITALY,04.2017,HOL9472 THERMOMETER,FREESTANDING,Food Preparation,HOLHOME,6,25,2016,606230270
ITALY,01.2017,HOL9472 THERMOMETER,FREESTANDING,Food Preparation,HOLHOME,6,25,2016,606230699
ITALY,09.2017,HOL9472 THERMOMETER,FREESTANDING,Food Preparation,HOLHOME,7,27,2016,607080120
ITALY,09.2017,HOL9472 THERMOMETER,FREESTANDING,Food Preparation,HOLHOME,7,27,2016,607080120
ITALY,09.2017,HOL9472 THERMOMETER,FREESTANDING,Food Preparation,HOLHOME,7,29,2016,607240077
ITALY,06.2017,HOL10222432 MICROWAVE CRISP,FREESTANDING,Food Preparation,HOLHOME,7,30,2016,607271171
ITALY,02.2017,HOL9472 THERMOMETER,FREESTANDING,Food Preparation,HOLHOME,8,33,2016,608180021
ITALY,02.2017,HOL9472 THERMOMETER MICROWAVE OA,FREESTANDING,Food Preparation,HOLHOME,8,33,2016,608180044
ITALY,06.2017,HOL9472 THERMOMETER,FREESTANDING,Food Preparation,HOLHOME,8,33,2016,608180050
ITALY,02.2017,HOL9472 THERMOMETER,FREESTANDING,Food Preparation,HOLHOME,8,33,2016,608180073
ITALY,04.2017,HOL9472 THERMOMETER,FREESTANDING,Food Preparation,HOLHOME,8,33,2016,608180392
ITALY,05.2017,HOL9472 THERMOMETER,FREESTANDING,Food Preparation,HOLHOME,8,33,2016,608180461
ITALY,04.2017,HOL10222432 MICROWAVE CRISP,FREESTANDING,Food Preparation,HOLHOME,9,35,2016,609024162
ITALY,03.2017,HOL9472 THERMOMETER,FREESTANDING,Food Preparation,HOLHOME,9,36,2016,609100228
ITALY,03.2017,HOL10222432 MICROWAVE CRISP,FREESTANDING,Food Preparation,HOLHOME,10,40,2016,610036960
ITALY,02.2017,HOL10222432 MICROWAVE CRISP,FREESTANDING,Food Preparation,HOLHOME,10,42,2016,610219691
ITALY,03.2017,HOL10222432 MICROWAVE CRISP,FREESTANDING,Food Preparation,HOLHOME,10,42,2016,610219740
ITALY,11.2017,HOL3242 SOUSVIDE,FREESTANDING,Food Preparation,HOLHOME,11,44,2016,611056657
ITALY,05.2017,HOL9472 THERMOMETER,FREESTANDING,Food Preparation,HOLHOME,11,45,2016,611070479
ITALY,05.2017,HOL9472 THERMOMETER,FREESTANDING,Food Preparation,HOLHOME,11,45,2016,611070509
ITALY,08.2017,HOL10222432 MICROWAVE CRISP,FREESTANDING,Food Preparation,HOLHOME,11,45,2016,611081248
ITALY,07.2017,HOL10222432 MICROWAVE CRISP,FREESTANDING,Food Preparation,HOLHOME,11,45,2016,611081253
ITALY,03.2017,HOL10222432 MICROWAVE CRISP,FREESTANDING,Food Preparation,HOLHOME,11,46,2016,611152864
ITALY,08.2017,HOL10222432 MICROWAVE CRISP,FREESTANDING,Food Preparation,HOLHOME,11,47,2016,611255093
ITALY,04.2017,HOL3242 SOUSVIDE,FREESTANDING,Food Preparation,HOLHOME,12,50,2016,612126355
ITALY,11.2017,HOL3242 SOUSVIDE,FREESTANDING,Food Preparation,HOLHOME,1,2,2017,701097309
ITALY,05.2017,HOL3242 SOUSVIDE,FREESTANDING,Food Preparation,HOLHOME,1,2,2017,701097332
ITALY,11.2017,HOL9472 THERMOMETER,FREESTANDING,Food Preparation,HOLHOME,1,2,2017,701100173
ITALY,12.2017,HOL9472 THERMOMETER,FREESTANDING,Food Preparation,HOLHOME,1,2,2017,701100173
ITALY,06.2017,HOL9472 THERMOMETER,FREESTANDING,Food Preparation,HOLHOME,1,2,2017,701100367
ITALY,07.2017,HOL9472 THERMOMETER,FREESTANDING,Food Preparation,HOLHOME,1,2,2017,701100409
ITALY,07.2017,HOL9472 THERMOMETER,FREESTANDING,Food Preparation,HOLHOME,1,2,2017,701100551
ITALY,07.2017,HOL9472 THERMOMETER,FREESTANDING,Food Preparation,HOLHOME,1,2,2017,701100551
ITALY,03.2017,HOL10222432 MICROWAVE CRISP,FREESTANDING,Food Preparation,HOLHOME,1,2,2017,701107188
ITALY,06.2017,HOL3242 SOUSVIDE,FREESTANDING,Food Preparation,HOLHOME,1,5,2017,701308165
ITALY,09.2017,HOL10222432 MICROWAVE CRISP,FREESTANDING,Food Preparation,HOLHOME,2,5,2017,702010824
ITALY,12.2017,HOL10222432 MICROWAVE CRISP,FREESTANDING,Food Preparation,HOLHOME,2,5,2017,702038977
ITALY,11.2017,HOL10222432 MICROWAVE CRISP,FREESTANDING,Food Preparation,HOLHOME,2,5,2017,702038992
ITALY,12.2017,HOL10222432 MICROWAVE CRISP,FREESTANDING,Food Preparation,HOLHOME,2,5,2017,702038997
ITALY,07.2017,HOL9472 THERMOMETER,FREESTANDING,Food Preparation,HOLHOME,2,5,2017,702040735
ITALY,08.2017,HOL10222432 MICROWAVE CRISP,FREESTANDING,Food Preparation,HOLHOME,2,6,2017,702069419
ITALY,07.2017,HOL10222432 MICROWAVE CRISP,FREESTANDING,Food Preparation,HOLHOME,2,6,2017,702079456
ITALY,12.2017,HOL10222432 MICROWAVE CRISP,FREESTANDING,Food Preparation,HOLHOME,2,6,2017,702090110
ITALY,09.2017,HOL10222432 MICROWAVE CRISP,FREESTANDING,Food Preparation,HOLHOME,2,6,2017,702090115
ITALY,04.2017,HOL10222432 MICROWAVE CRISP,FREESTANDING,Food Preparation,HOLHOME,2,6,2017,702100047
ITALY,11.2017,HOL10222432 MICROWAVE CRISP,FREESTANDING,Food Preparation,HOLHOME,2,6,2017,702100072
ITALY,05.2017,HOL10222432 MICROWAVE CRISP,FREESTANDING,Food Preparation,HOLHOME,2,6,2017,702100230
ITALY,07.2017,HOL26514 FOOD STORAGE CONTAINER,FREESTANDING,Food Preparation,HOLHOME,2,7,2017,702130816
ITALY,09.2017,HOL9472 THERMOMETER,FREESTANDING,Food Preparation,HOLHOME,3,10,2017,703100012
ITALY,10.2017,HOL9472 THERMOMETER,FREESTANDING,Food Preparation,HOLHOME,3,10,2017,703100016
ITALY,10.2017,HOL9472 THERMOMETER,FREESTANDING,Food Preparation,HOLHOME,3,10,2017,703100016
ITALY,07.2017,HOL9472 THERMOMETER,FREESTANDING,Food Preparation,HOLHOME,3,10,2017,703100159
ITALY,07.2017,HOL9472 THERMOMETER,FREESTANDING,Food Preparation,HOLHOME,3,10,2017,703100306
ITALY,09.2017,HOL26514 FOOD STORAGE CONTAINER,FREESTANDING,Food Preparation,HOLHOME,3,10,2017,703128873
ITALY,10.2017,HOL26514 FOOD STORAGE CONTAINER,FREESTANDING,Food Preparation,HOLHOME,3,10,2017,703128873
ITALY,11.2017,HOL10222432 MICROWAVE CRISP,FREESTANDING,Food Preparation,HOLHOME,3,11,2017,703174295
ITALY,07.2017,HOL3242 SOUSVIDE,FREESTANDING,Food Preparation,HOLHOME,3,12,2017,703204419
ITALY,09.2017,HOL10222432 MICROWAVE CRISP,FREESTANDING,Food Preparation,HOLHOME,3,12,2017,703214658
ITALY,10.2017,HOL10222432 MICROWAVE CRISP,FREESTANDING,Food Preparation,HOLHOME,3,12,2017,703214658
ITALY,10.2017,HOL10222432 MICROWAVE CRISP,FREESTANDING,Food Preparation,HOLHOME,3,13,2017,703285434
ITALY,10.2017,HOL9472 THERMOMETER,FREESTANDING,Food Preparation,HOLHOME,4,16,2017,704180542
ITALY,08.2017,HOL23423421 RICEBOILER,FREESTANDING,Food Preparation,HOLHOME,4,16,2017,704180665
ITALY,09.2017,HOL23423421 RICEBOILER,FREESTANDING,Food Preparation,HOLHOME,4,16,2017,704180665
ITALY,09.2017,HOL9472 THERMOMETER,FREESTANDING,Food Preparation,HOLHOME,4,16,2017,704180839
ITALY,08.2017,HOL9472 THERMOMETER,FREESTANDING,Food Preparation,HOLHOME,4,16,2017,704180909
ITALY,08.2017,HOL9472 THERMOMETER,FREESTANDING,Food Preparation,HOLHOME,4,16,2017,704180909
ITALY,11.2017,HOL9472 THERMOMETER,FREESTANDING,Food Preparation,HOLHOME,4,16,2017,704180926
ITALY,12.2017,HOL9472 THERMOMETER,FREESTANDING,Food Preparation,HOLHOME,4,16,2017,704180946
ITALY,10.2017,HOL9472 THERMOMETER,FREESTANDING,Food Preparation,HOLHOME,4,16,2017,704181012
ITALY,06.2017,HOL9472 THERMOMETER,FREESTANDING,Food Preparation,HOLHOME,4,16,2017,704181063
ITALY,10.2017,HOL9472 THERMOMETER,FREESTANDING,Food Preparation,HOLHOME,4,16,2017,704181072
ITALY,10.2017,HOL9472 THERMOMETER,FREESTANDING,Food Preparation,HOLHOME,4,16,2017,704181075
ITALY,11.2017,HOL9472 THERMOMETER,FREESTANDING,Food Preparation,HOLHOME,4,16,2017,704181086
ITALY,12.2017,HOL9472 THERMOMETER,FREESTANDING,Food Preparation,HOLHOME,4,16,2017,704181086
ITALY,08.2017,HOL10222432 MICROWAVE CRISP,FREESTANDING,Food Preparation,HOLHOME,4,17,2017,704288958
ITALY,11.2017,HOL23423421 RICEBOILER,FREESTANDING,Food Preparation,HOLHOME,5,20,2017,705150516
ITALY,12.2017,HOL9472 THERMOMETER,FREESTANDING,Food Preparation,HOLHOME,5,20,2017,705150598
ITALY,06.2017,HOL23423421 RICEBOILER,FREESTANDING,Food Preparation,HOLHOME,5,20,2017,705161654
ITALY,12.2017,HOL9472 THERMOMETER,FREESTANDING,Food Preparation,HOLHOME,5,20,2017,705178910
ITALY,08.2017,HOL26514 FOOD STORAGE CONTAINER,FREESTANDING,Food Preparation,HOLHOME,5,21,2017,705252383
ITALY,10.2017,HOL26514 FOOD STORAGE CONTAINER,FREESTANDING,Food Preparation,HOLHOME,5,21,2017,705252383
ITALY,12.2017,HOL10222432 MICROWAVE CRISP,FREESTANDING,Food Preparation,HOLHOME,6,23,2017,706053734
ITALY,12.2017,HOL26514 FOOD STORAGE CONTAINER,FREESTANDING,Food Preparation,HOLHOME,6,24,2017,706125056
ITALY,08.2017,HOL9472 THERMOMETER,FREESTANDING,Food Preparation,HOLHOME,6,24,2017,706160625
ITALY,12.2017,HOL9472 THERMOMETER,FREESTANDING,Food Preparation,HOLHOME,6,24,2017,706180162
ITALY,12.2017,HOL9472 THERMOMETER,FREESTANDING,Food Preparation,HOLHOME,6,24,2017,706180162
ITALY,12.2017,HOL9472 THERMOMETER,FREESTANDING,Food Preparation,HOLHOME,6,24,2017,706180273
ITALY,10.2017,HOL26514 FOOD STORAGE CONTAINER,FREESTANDING,Food Preparation,HOLHOME,6,25,2017,706236669
ITALY,12.2017,HOL26514 FOOD STORAGE CONTAINER,FREESTANDING,Food Preparation,HOLHOME,6,25,2017,706246903
ITALY,09.2017,HOL3242 SOUSVIDE,FREESTANDING,Food Preparation,HOLHOME,7,29,2017,707200477
ITALY,12.2017,HOL26514 FOOD STORAGE CONTAINER,FREESTANDING,Food Preparation,HOLHOME,7,30,2017,707261623
ITALY,11.2017,HOL3242 SOUSVIDE,FREESTANDING,Food Preparation,HOLHOME,8,35,2017,708294669
ITALY,10.2017,HOL26514 FOOD STORAGE CONTAINER,FREESTANDING,Food Preparation,HOLHOME,8,35,2017,708314953
ITALY,12.2017,HOL26514 FOOD STORAGE CONTAINER,FREESTANDING,Food Preparation,HOLHOME,8,35,2017,708314958
ITALY,11.2017,HOL3242 SOUSVIDE,FREESTANDING,Food Preparation,HOLHOME,9,37,2017,709156945
ITALY,12.2017,HOL10222432 MICROWAVE CRISP,FREESTANDING,Food Preparation,HOLHOME,10,44,2017,710316472
ITALY,03.2017,HOL3242 SOUSVIDE,FREESTANDING,Food Preparation,HOLHOME,3,12,2016,151612005385
ITALY,02.2017,HOL26514 FOOD STORAGE CONTAINER,FREESTANDING,Food Preparation,HOLHOME,3,13,2016,151613002699
ITALY,10.2017,HOL26514 FOOD STORAGE CONTAINER,FREESTANDING,Food Preparation,HOLHOME,3,13,2016,151613002735
ITALY,11.2017,HOL3242 SOUSVIDE,FREESTANDING,Food Preparation,HOLHOME,5,20,2016,151620007164
ITALY,12.2017,HOL10222432 MICROWAVE CRISP,FREESTANDING,Food Preparation,HOLHOME,10,42,2016,151642006650
ITALY,12.2017,HOL10222432 MICROWAVE CRISP,FREESTANDING,Food Preparation,HOLHOME,11,45,2016,151645002260
ITALY,11.2017,HOL26514 FOOD STORAGE CONTAINER,FREESTANDING,Food Preparation,HOLHOME,11,48,2016,151648002452
ITALY,11.2017,HOL3242 SOUSVIDE,FREESTANDING,Food Preparation,HOLHOME,1,2,2017,151702001417
ITALY,10.2017,HOL10222432 MICROWAVE CRISP,FREESTANDING,Food Preparation,HOLHOME,1,2,2017,151702003312
ITALY,10.2017,HOL3242 SOUSVIDE,FREESTANDING,Food Preparation,HOLHOME,1,4,2017,151704004675
ITALY,04.2017,HOL26514 FOOD STORAGE CONTAINER,FREESTANDING,Food Preparation,HOLHOME,2,7,2017,151707001874
ITALY,06.2017,HOL10222432 MICROWAVE CRISP,FREESTANDING,Food Preparation,HOLHOME,3,11,2017,151711007672
ITALY,12.2017,HOL10222432 MICROWAVE CRISP,FREESTANDING,Food Preparation,HOLHOME,3,13,2017,151713001427
ITALY,11.2017,HOL3242 SOUSVIDE,FREESTANDING,Food Preparation,HOLHOME,5,21,2017,151721000915
ITALY,09.2017,HOL10222432 MICROWAVE CRISP,FREESTANDING,Food Preparation,HOLHOME,5,21,2017,151721006122
ITALY,10.2017,HOL10222432 MICROWAVE CRISP,FREESTANDING,Food Preparation,HOLHOME,5,21,2017,151721006122
ITALY,10.2017,HOL26514 FOOD STORAGE CONTAINER,FREESTANDING,Food Preparation,HOLHOME,5,22,2017,151722005936
ITALY,12.2017,HOL3242 SOUSVIDE,FREESTANDING,Food Preparation,HOLHOME,7,28,2017,151728005370
ITALY,10.2017,HOL3242 SOUSVIDE,FREESTANDING,Food Preparation,HOLHOME,7,29,2017,151729006748
ITALY,12.2017,HOL3242 SOUSVIDE,FREESTANDING,Food Preparation,HOLHOME,8,35,2017,151735002033
ITALY,09.2017,HOL9472 THERMOMETER,FREESTANDING,Food Preparation,HOLHOME,9,39,2015,221539000002
ITALY,09.2017,HOL9472 THERMOMETER,FREESTANDING,Food Preparation,HOLHOME,9,39,2015,221539000002
ITALY,02.2017,HOL9472 THERMOMETER MICROWAVE OA,FREESTANDING,Food Preparation,HOLHOME,2,9,2014,391409002228
ITALY,12.2017,HOL3242 SOUSVIDE,FREESTANDING,Food Preparation,HOLHOME,4,17,2015,991517370099
ITALY,04.2017,HOL26514 FOOD STORAGE CONTAINER,FREESTANDING,Food Preparation,HOLRESTAURANT,4,15,2007,150715001308
ITALY,09.2017,HOL26514 FOOD STORAGE CONTAINER,FREESTANDING,Food Preparation,HOLRESTAURANT,4,15,2007,150715001308
ITALY,09.2017,HOL26514 FOOD STORAGE CONTAINER,FREESTANDING,Food Preparation,HOLRESTAURANT,7,28,2007,150728010648
ITALY,10.2017,HOL26514 FOOD STORAGE CONTAINER,FREESTANDING,Food Preparation,HOLRESTAURANT,2,8,2011,151108006445
ITALY,10.2017,HOL26514 FOOD STORAGE CONTAINER,FREESTANDING,Food Preparation,HOLRESTAURANT,2,8,2011,151108006445
ITALY,02.2017,HOL9472 THERMOMETER,FREESTANDING,Food Preparation,HOLRESTAURANT,2,6,2015,151506005448
ITALY,01.2017,HOL26514 FOOD STORAGE CONTAINER,FREESTANDING,Food Preparation,HOLRESTAURANT,2,9,2015,151509004317
ITALY,07.2017,HOL26514 FOOD STORAGE CONTAINER,FREESTANDING,Food Preparation,HOLRESTAURANT,2,9,2015,151509004317
ITALY,04.2017,HOL26514 FOOD STORAGE CONTAINER,FREESTANDING,Food Preparation,HOLRESTAURANT,2,9,2015,151509006651
ITALY,02.2017,HOL26514 FOOD STORAGE CONTAINER,FREESTANDING,Food Preparation,HOLRESTAURANT,3,11,2015,151511000367
ITALY,01.2017,HOL9472 THERMOMETER,FREESTANDING,Food Preparation,HOLRESTAURANT,3,13,2015,151513007202
ITALY,05.2017,HOL26514 FOOD STORAGE CONTAINER,FREESTANDING,Food Preparation,HOLRESTAURANT,4,14,2015,151514003017
ITALY,02.2017,HOL26514 FOOD STORAGE CONTAINER,FREESTANDING,Food Preparation,HOLRESTAURANT,4,15,2015,151515002840
ITALY,07.2017,HOL9472 THERMOMETER,FREESTANDING,Food Preparation,HOLRESTAURANT,4,15,2015,151515004239
ITALY,03.2017,HOL26514 FOOD STORAGE CONTAINER,FREESTANDING,Food Preparation,HOLRESTAURANT,4,16,2015,151516004082
ITALY,06.2017,HOL26514 FOOD STORAGE CONTAINER,FREESTANDING,Food Preparation,HOLRESTAURANT,4,16,2015,151516004082
ITALY,03.2017,HOL26514 FOOD STORAGE CONTAINER,FREESTANDING,Food Preparation,HOLRESTAURANT,5,22,2015,151522008931
ITALY,04.2017,HOL26514 FOOD STORAGE CONTAINER,FREESTANDING,Food Preparation,HOLRESTAURANT,5,22,2015,151522008965
ITALY,09.2017,HOL26514 FOOD STORAGE CONTAINER,FREESTANDING,Food Preparation,HOLRESTAURANT,6,25,2015,151525003657
ITALY,05.2017,HOL9472 THERMOMETER,FREESTANDING,Food Preparation,HOLRESTAURANT,7,30,2015,151530000642
ITALY,01.2017,HOL9472 THERMOMETER,FREESTANDING,Food Preparation,HOLRESTAURANT,7,30,2015,151530008135
ITALY,08.2017,HOL26514 FOOD STORAGE CONTAINER,FREESTANDING,Food Preparation,HOLRESTAURANT,9,37,2015,151537001203
ITALY,10.2017,HOL26514 FOOD STORAGE CONTAINER,FREESTANDING,Food Preparation,HOLRESTAURANT,9,37,2015,151537001508
ITALY,10.2017,HOL26514 FOOD STORAGE CONTAINER,FREESTANDING,Food Preparation,HOLRESTAURANT,9,37,2015,151537001508
ITALY,03.2017,HOL26514 FOOD STORAGE CONTAINER,FREESTANDING,Food Preparation,HOLRESTAURANT,9,37,2015,151537001511
ITALY,06.2017,HOL9472 THERMOMETER,FREESTANDING,Food Preparation,HOLRESTAURANT,9,37,2015,151537003226
ITALY,03.2017,HOL9472 THERMOMETER,FREESTANDING,Food Preparation,HOLRESTAURANT,9,37,2015,151537010021
ITALY,04.2017,HOL26514 FOOD STORAGE CONTAINER,FREESTANDING,Food Preparation,HOLRESTAURANT,9,40,2015,151540000238
ITALY,09.2017,HOL26514 FOOD STORAGE CONTAINER,FREESTANDING,Food Preparation,HOLRESTAURANT,9,40,2015,151540000238
ITALY,07.2017,HOL26514 FOOD STORAGE CONTAINER,FREESTANDING,Food Preparation,HOLRESTAURANT,9,40,2015,151540002336
ITALY,12.2017,HOL26514 FOOD STORAGE CONTAINER,FREESTANDING,Food Preparation,HOLRESTAURANT,9,40,2015,151540002347
ITALY,07.2017,HOL26514 FOOD STORAGE CONTAINER,FREESTANDING,Food Preparation,HOLRESTAURANT,9,40,2015,151540002351
ITALY,03.2017,HOL26514 FOOD STORAGE CONTAINER,FREESTANDING,Food Preparation,HOLRESTAURANT,9,40,2015,151540002357
ITALY,10.2017,HOL26514 FOOD STORAGE CONTAINER,FREESTANDING,Food Preparation,HOLRESTAURANT,9,40,2015,151540002385
ITALY,10.2017,HOL26514 FOOD STORAGE CONTAINER,FREESTANDING,Food Preparation,HOLRESTAURANT,10,44,2015,151544000868
ITALY,11.2017,HOL26514 FOOD STORAGE CONTAINER,FREESTANDING,Food Preparation,HOLRESTAURANT,10,44,2015,151544001181
ITALY,10.2017,HOL9472 THERMOMETER,FREESTANDING,Food Preparation,HOLRESTAURANT,10,44,2015,151544001480
ITALY,01.2017,HOL9472 THERMOMETER,FREESTANDING,Food Preparation,HOLRESTAURANT,11,46,2015,151546009737
ITALY,02.2017,HOL9472 THERMOMETER,FREESTANDING,Food Preparation,HOLRESTAURANT,11,46,2015,151546009749
ITALY,07.2017,HOL26514 FOOD STORAGE CONTAINER,FREESTANDING,Food Preparation,HOLRESTAURANT,11,47,2015,151547008457
ITALY,02.2017,HOL26514 FOOD STORAGE CONTAINER,FREESTANDING,Food Preparation,HOLRESTAURANT,11,47,2015,151547008460
ITALY,01.2017,HOL26514 FOOD STORAGE CONTAINER,FREESTANDING,Food Preparation,HOLRESTAURANT,12,49,2015,151549005403
ITALY,09.2017,HOL26514 FOOD STORAGE CONTAINER,FREESTANDING,Food Preparation,HOLRESTAURANT,12,49,2015,151549005409
ITALY,12.2017,HOL26514 FOOD STORAGE CONTAINER,FREESTANDING,Food Preparation,HOLRESTAURANT,12,49,2015,151549005409
ITALY,03.2017,HOL26514 FOOD STORAGE CONTAINER,FREESTANDING,Food Preparation,HOLRESTAURANT,12,49,2015,151549005420
ITALY,04.2017,HOL26514 FOOD STORAGE CONTAINER,FREESTANDING,Food Preparation,HOLRESTAURANT,12,49,2015,151549005420
ITALY,10.2017,HOL26514 FOOD STORAGE CONTAINER,FREESTANDING,Food Preparation,HOLRESTAURANT,12,49,2015,151549010398
ITALY,11.2017,HOL26514 FOOD STORAGE CONTAINER,FREESTANDING,Food Preparation,HOLRESTAURANT,1,2,2016,151602000314
ITALY,11.2017,HOL26514 FOOD STORAGE CONTAINER,FREESTANDING,Food Preparation,HOLRESTAURANT,1,2,2016,151602000314
ITALY,09.2017,HOL26514 FOOD STORAGE CONTAINER,FREESTANDING,Food Preparation,HOLRESTAURANT,1,2,2016,151602000320
ITALY,05.2017,HOL9472 THERMOMETER,FREESTANDING,Food Preparation,HOLRESTAURANT,1,2,2016,151602000453
ITALY,03.2017,HOL26514 FOOD STORAGE CONTAINER,FREESTANDING,Food Preparation,HOLRESTAURANT,1,3,2016,151603005385
ITALY,06.2017,HOL26514 FOOD STORAGE CONTAINER,FREESTANDING,Food Preparation,HOLRESTAURANT,1,3,2016,151603005390
ITALY,12.2017,HOL26514 FOOD STORAGE CONTAINER,FREESTANDING,Food Preparation,HOLRESTAURANT,1,3,2016,151603005395
ITALY,03.2017,HOL9472 THERMOMETER,FREESTANDING,Food Preparation,HOLRESTAURANT,1,4,2016,151604004055
ITALY,05.2017,HOL26514 FOOD STORAGE CONTAINER,FREESTANDING,Food Preparation,HOLRESTAURANT,1,4,2016,151604009861
ITALY,03.2017,HOL26514 FOOD STORAGE CONTAINER,FREESTANDING,Food Preparation,HOLRESTAURANT,1,4,2016,151604009877
ITALY,06.2017,HOL26514 FOOD STORAGE CONTAINER,FREESTANDING,Food Preparation,HOLRESTAURANT,2,5,2016,151605008573
ITALY,11.2017,HOL26514 FOOD STORAGE CONTAINER,FREESTANDING,Food Preparation,HOLRESTAURANT,2,5,2016,151605008573
ITALY,07.2017,HOL26514 FOOD STORAGE CONTAINER,FREESTANDING,Food Preparation,HOLRESTAURANT,2,5,2016,151605008607
ITALY,08.2017,HOL26514 FOOD STORAGE CONTAINER,FREESTANDING,Food Preparation,HOLRESTAURANT,2,6,2016,151606009130
ITALY,03.2017,HOL26514 FOOD STORAGE CONTAINER,FREESTANDING,Food Preparation,HOLRESTAURANT,2,6,2016,151606009144
ITALY,11.2017,HOL9472 THERMOMETER,FREESTANDING,Food Preparation,HOLRESTAURANT,2,6,2016,151606009251
ITALY,06.2017,HOL9472 THERMOMETER,FREESTANDING,Food Preparation,HOLRESTAURANT,2,6,2016,151606009293
ITALY,05.2017,HOL9472 THERMOMETER,FREESTANDING,Food Preparation,HOLRESTAURANT,2,6,2016,151606009299
ITALY,04.2017,HOL9472 THERMOMETER,FREESTANDING,Food Preparation,HOLRESTAURANT,2,6,2016,151606009305
ITALY,08.2017,HOL26514 FOOD STORAGE CONTAINER,FREESTANDING,Food Preparation,HOLRESTAURANT,2,6,2016,151606091340
ITALY,03.2017,HOL9472 THERMOMETER,FREESTANDING,Food Preparation,HOLRESTAURANT,2,7,2016,151607002329
ITALY,05.2017,HOL26514 FOOD STORAGE CONTAINER,FREESTANDING,Food Preparation,HOLRESTAURANT,2,7,2016,151607009057
ITALY,12.2017,HOL9472 THERMOMETER,FREESTANDING,Food Preparation,HOLRESTAURANT,2,7,2016,151607022386
ITALY,06.2017,HOL26514 FOOD STORAGE CONTAINER,FREESTANDING,Food Preparation,HOLRESTAURANT,2,8,2016,151608006990
ITALY,03.2017,HOL9472 THERMOMETER,FREESTANDING,Food Preparation,HOLRESTAURANT,3,9,2016,151609002327
ITALY,04.2017,HOL9472 THERMOMETER,FREESTANDING,Food Preparation,HOLRESTAURANT,3,9,2016,151609002327
ITALY,09.2017,HOL26514 FOOD STORAGE CONTAINER,FREESTANDING,Food Preparation,HOLRESTAURANT,3,9,2016,151609004325
ITALY,04.2017,HOL26514 FOOD STORAGE CONTAINER,FREESTANDING,Food Preparation,HOLRESTAURANT,3,10,2016,151610001908
ITALY,01.2017,HOL9472 THERMOMETER,FREESTANDING,Food Preparation,HOLRESTAURANT,3,10,2016,151610004489
ITALY,02.2017,HOL9472 THERMOMETER,FREESTANDING,Food Preparation,HOLRESTAURANT,3,10,2016,151610004503
ITALY,05.2017,HOL9472 THERMOMETER,FREESTANDING,Food Preparation,HOLRESTAURANT,3,11,2016,151611006559
ITALY,07.2017,HOL9472 THERMOMETER,FREESTANDING,Food Preparation,HOLRESTAURANT,4,14,2016,151614005528
ITALY,01.2017,HOL9472 THERMOMETER,FREESTANDING,Food Preparation,HOLRESTAURANT,4,15,2016,151615005397
ITALY,09.2017,HOL26514 FOOD STORAGE CONTAINER,FREESTANDING,Food Preparation,HOLRESTAURANT,4,15,2016,151615005890
ITALY,03.2017,HOL26514 FOOD STORAGE CONTAINER,FREESTANDING,Food Preparation,HOLRESTAURANT,4,15,2016,151615005921
ITALY,03.2017,HOL9472 THERMOMETER,FREESTANDING,Food Preparation,HOLRESTAURANT,4,17,2016,151617004636
ITALY,03.2017,HOL9472 THERMOMETER,FREESTANDING,Food Preparation,HOLRESTAURANT,4,17,2016,151617004704
ITALY,01.2017,HOL26514 FOOD STORAGE CONTAINER,FREESTANDING,Food Preparation,HOLRESTAURANT,5,21,2016,151621000539
ITALY,01.2017,HOL26514 FOOD STORAGE CONTAINER,FREESTANDING,Food Preparation,HOLRESTAURANT,5,21,2016,151621000539
ITALY,12.2017,HOL26514 FOOD STORAGE CONTAINER,FREESTANDING,Food Preparation,HOLRESTAURANT,5,21,2016,151621006929
ITALY,11.2017,HOL26514 FOOD STORAGE CONTAINER,FREESTANDING,Food Preparation,HOLRESTAURANT,5,21,2016,151621006937
ITALY,02.2017,HOL26514 FOOD STORAGE CONTAINER,FREESTANDING,Food Preparation,HOLRESTAURANT,5,21,2016,151621006938
ITALY,04.2017,HOL26514 FOOD STORAGE CONTAINER,FREESTANDING,Food Preparation,HOLRESTAURANT,5,21,2016,151621006974
ITALY,05.2017,HOL9472 THERMOMETER,FREESTANDING,Food Preparation,HOLRESTAURANT,6,23,2016,151623001177
ITALY,04.2017,HOL9472 THERMOMETER,FREESTANDING,Food Preparation,HOLRESTAURANT,6,23,2016,151623001223
ITALY,10.2017,HOL9472 THERMOMETER,FREESTANDING,Food Preparation,HOLRESTAURANT,6,23,2016,151623001807
ITALY,10.2017,HOL9472 THERMOMETER,FREESTANDING,Food Preparation,HOLRESTAURANT,6,23,2016,151623001807
ITALY,07.2017,HOL9472 THERMOMETER,FREESTANDING,Food Preparation,HOLRESTAURANT,6,23,2016,151623001816
ITALY,12.2017,HOL9472 THERMOMETER,FREESTANDING,Food Preparation,HOLRESTAURANT,6,23,2016,151623001863
ITALY,12.2017,HOL9472 THERMOMETER,FREESTANDING,Food Preparation,HOLRESTAURANT,6,24,2016,151624002368
ITALY,08.2017,HOL26514 FOOD STORAGE CONTAINER,FREESTANDING,Food Preparation,HOLRESTAURANT,6,24,2016,151624004402
ITALY,12.2017,HOL9472 THERMOMETER,FREESTANDING,Food Preparation,HOLRESTAURANT,6,24,2016,151624006254
ITALY,01.2017,HOL9472 THERMOMETER,FREESTANDING,Food Preparation,HOLRESTAURANT,6,24,2016,151624006262
ITALY,07.2017,HOL9472 THERMOMETER,FREESTANDING,Food Preparation,HOLRESTAURANT,6,24,2016,151624006287
ITALY,03.2017,HOL9472 THERMOMETER,FREESTANDING,Food Preparation,HOLRESTAURANT,7,29,2016,151629004706
ITALY,04.2017,HOL9472 THERMOMETER,FREESTANDING,Food Preparation,HOLRESTAURANT,7,29,2016,151629004749
ITALY,02.2017,HOL9472 THERMOMETER,FREESTANDING,Food Preparation,HOLRESTAURANT,7,29,2016,151629004752
ITALY,06.2017,HOL9472 THERMOMETER,FREESTANDING,Food Preparation,HOLRESTAURANT,8,31,2016,151631008973
ITALY,11.2017,HOL9472 THERMOMETER,FREESTANDING,Food Preparation,HOLRESTAURANT,8,31,2016,151631009018
ITALY,07.2017,HOL9472 THERMOMETER,FREESTANDING,Food Preparation,HOLRESTAURANT,8,34,2016,151634004650
ITALY,04.2017,HOL9472 THERMOMETER,FREESTANDING,Food Preparation,HOLRESTAURANT,8,34,2016,151634009025
ITALY,04.2017,HOL9472 THERMOMETER,FREESTANDING,Food Preparation,HOLRESTAURANT,8,34,2016,151634009032
ITALY,07.2017,HOL9472 THERMOMETER,FREESTANDING,Food Preparation,HOLRESTAURANT,8,34,2016,151634009041
ITALY,01.2017,HOL9472 THERMOMETER,FREESTANDING,Food Preparation,HOLRESTAURANT,8,34,2016,151634009056
ITALY,10.2017,HOL9472 THERMOMETER,FREESTANDING,Food Preparation,HOLRESTAURANT,8,34,2016,151634009112
ITALY,06.2017,HOL9472 THERMOMETER,FREESTANDING,Food Preparation,HOLRESTAURANT,8,35,2016,151635002391
ITALY,06.2017,HOL9472 THERMOMETER,FREESTANDING,Food Preparation,HOLRESTAURANT,8,35,2016,151635002391
ITALY,02.2017,HOL26514 FOOD STORAGE CONTAINER,FREESTANDING,Food Preparation,HOLRESTAURANT,8,35,2016,151635003875
ITALY,03.2017,HOL26514 FOOD STORAGE CONTAINER,FREESTANDING,Food Preparation,HOLRESTAURANT,8,35,2016,151635003875
ITALY,07.2017,HOL26514 FOOD STORAGE CONTAINER,FREESTANDING,Food Preparation,HOLRESTAURANT,8,35,2016,151635003875
ITALY,12.2017,HOL26514 FOOD STORAGE CONTAINER,FREESTANDING,Food Preparation,HOLRESTAURANT,8,35,2016,151635003875
ITALY,06.2017,HOL26514 FOOD STORAGE CONTAINER,FREESTANDING,Food Preparation,HOLRESTAURANT,8,35,2016,151635003937
ITALY,07.2017,HOL26514 FOOD STORAGE CONTAINER,FREESTANDING,Food Preparation,HOLRESTAURANT,8,35,2016,151635003937
ITALY,07.2017,HOL26514 FOOD STORAGE CONTAINER,FREESTANDING,Food Preparation,HOLRESTAURANT,8,35,2016,151635003982
ITALY,10.2017,HOL26514 FOOD STORAGE CONTAINER,FREESTANDING,Food Preparation,HOLRESTAURANT,8,35,2016,151635004005
ITALY,10.2017,HOL26514 FOOD STORAGE CONTAINER,FREESTANDING,Food Preparation,HOLRESTAURANT,8,35,2016,151635004005
ITALY,12.2017,HOL26514 FOOD STORAGE CONTAINER,FREESTANDING,Food Preparation,HOLRESTAURANT,8,35,2016,151635004005
ITALY,02.2017,HOL9472 THERMOMETER,FREESTANDING,Food Preparation,HOLRESTAURANT,9,36,2016,151636007869
ITALY,10.2017,HOL9472 THERMOMETER,FREESTANDING,Food Preparation,HOLRESTAURANT,9,37,2016,151637008929
ITALY,04.2017,HOL9472 THERMOMETER,FREESTANDING,Food Preparation,HOLRESTAURANT,9,37,2016,151637010198
ITALY,01.2017,HOL9472 THERMOMETER,FREESTANDING,Food Preparation,HOLRESTAURANT,9,38,2016,151638000836
ITALY,11.2017,HOL9472 THERMOMETER,FREESTANDING,Food Preparation,HOLRESTAURANT,9,38,2016,151638000876
ITALY,08.2017,HOL9472 THERMOMETER,FREESTANDING,Food Preparation,HOLRESTAURANT,9,38,2016,151638000900
ITALY,02.2017,HOL9472 THERMOMETER,FREESTANDING,Food Preparation,HOLRESTAURANT,9,38,2016,151638000903
ITALY,06.2017,HOL26514 FOOD STORAGE CONTAINER,FREESTANDING,Food Preparation,HOLRESTAURANT,9,38,2016,151638003642
ITALY,03.2017,HOL26514 FOOD STORAGE CONTAINER,FREESTANDING,Food Preparation,HOLRESTAURANT,9,38,2016,151638005445
ITALY,03.2017,HOL9472 THERMOMETER,FREESTANDING,Food Preparation,HOLRESTAURANT,10,41,2016,151641003808
ITALY,04.2017,HOL9472 THERMOMETER,FREESTANDING,Food Preparation,HOLRESTAURANT,10,41,2016,151641003808
ITALY,04.2017,HOL9472 THERMOMETER,FREESTANDING,Food Preparation,HOLRESTAURANT,10,41,2016,151641003819
ITALY,02.2017,HOL9472 THERMOMETER,FREESTANDING,Food Preparation,HOLRESTAURANT,10,41,2016,151641003830
ITALY,03.2017,HOL9472 THERMOMETER,FREESTANDING,Food Preparation,HOLRESTAURANT,10,41,2016,151641003830
ITALY,03.2017,HOL9472 THERMOMETER,FREESTANDING,Food Preparation,HOLRESTAURANT,10,41,2016,151641005653
ITALY,03.2017,HOL26514 FOOD STORAGE CONTAINER,FREESTANDING,Food Preparation,HOLRESTAURANT,10,41,2016,151641008764
ITALY,06.2017,HOL26514 FOOD STORAGE CONTAINER,FREESTANDING,Food Preparation,HOLRESTAURANT,10,41,2016,151641008774
ITALY,09.2017,HOL26514 FOOD STORAGE CONTAINER,FREESTANDING,Food Preparation,HOLRESTAURANT,10,41,2016,151641008792
ITALY,04.2017,HOL26514 FOOD STORAGE CONTAINER,FREESTANDING,Food Preparation,HOLRESTAURANT,10,41,2016,151641008799
ITALY,07.2017,HOL26514 FOOD STORAGE CONTAINER,FREESTANDING,Food Preparation,HOLRESTAURANT,10,41,2016,151641008823
ITALY,10.2017,HOL26514 FOOD STORAGE CONTAINER,FREESTANDING,Food Preparation,HOLRESTAURANT,10,41,2016,151641008823
ITALY,09.2017,HOL9472 THERMOMETER,FREESTANDING,Food Preparation,HOLRESTAURANT,10,42,2016,151642005833
ITALY,11.2017,HOL9472 THERMOMETER,FREESTANDING,Food Preparation,HOLRESTAURANT,12,51,2016,151651000453
ITALY,02.2017,HOL9472 THERMOMETER,FREESTANDING,Food Preparation,HOLRESTAURANT,1,1,2017,151701000462
ITALY,04.2017,HOL9472 THERMOMETER,FREESTANDING,Food Preparation,HOLRESTAURANT,1,1,2017,151701000513
ITALY,11.2017,HOL9472 THERMOMETER,FREESTANDING,Food Preparation,HOLRESTAURANT,1,1,2017,151701000524
ITALY,09.2017,HOL9472 THERMOMETER,FREESTANDING,Food Preparation,HOLRESTAURANT,1,1,2017,151701000575
ITALY,10.2017,HOL9472 THERMOMETER,FREESTANDING,Food Preparation,HOLRESTAURANT,1,1,2017,151701000576
ITALY,06.2017,HOL9472 THERMOMETER,FREESTANDING,Food Preparation,HOLRESTAURANT,1,2,2017,151702000402
ITALY,04.2017,HOL9472 THERMOMETER,FREESTANDING,Food Preparation,HOLRESTAURANT,1,2,2017,151702000412
ITALY,05.2017,HOL9472 THERMOMETER,FREESTANDING,Food Preparation,HOLRESTAURANT,1,2,2017,151702000430
ITALY,09.2017,HOL9472 THERMOMETER,FREESTANDING,Food Preparation,HOLRESTAURANT,1,3,2017,151703000352
ITALY,04.2017,HOL9472 THERMOMETER,FREESTANDING,Food Preparation,HOLRESTAURANT,1,3,2017,151703000406
ITALY,07.2017,HOL26514 FOOD STORAGE CONTAINER,FREESTANDING,Food Preparation,HOLRESTAURANT,1,3,2017,151703003052
ITALY,07.2017,HOL26514 FOOD STORAGE CONTAINER,FREESTANDING,Food Preparation,HOLRESTAURANT,1,3,2017,151703003071
ITALY,11.2017,HOL9472 THERMOMETER,FREESTANDING,Food Preparation,HOLRESTAURANT,1,3,2017,151703007720
ITALY,03.2017,HOL9472 THERMOMETER,FREESTANDING,Food Preparation,HOLRESTAURANT,1,4,2017,151704000409
ITALY,08.2017,HOL9472 THERMOMETER,FREESTANDING,Food Preparation,HOLRESTAURANT,1,4,2017,151704006064
ITALY,06.2017,HOL26514 FOOD STORAGE CONTAINER,FREESTANDING,Food Preparation,HOLRESTAURANT,2,5,2017,151705006153
ITALY,09.2017,HOL26514 FOOD STORAGE CONTAINER,FREESTANDING,Food Preparation,HOLRESTAURANT,2,5,2017,151705006153
ITALY,08.2017,HOL26514 FOOD STORAGE CONTAINER,FREESTANDING,Food Preparation,HOLRESTAURANT,2,5,2017,151705006162
ITALY,07.2017,HOL26514 FOOD STORAGE CONTAINER,FREESTANDING,Food Preparation,HOLRESTAURANT,2,5,2017,151705006197
ITALY,09.2017,HOL26514 FOOD STORAGE CONTAINER,FREESTANDING,Food Preparation,HOLRESTAURANT,2,5,2017,151705006231
ITALY,10.2017,HOL26514 FOOD STORAGE CONTAINER,FREESTANDING,Food Preparation,HOLRESTAURANT,2,5,2017,151705006231
ITALY,04.2017,HOL9472 THERMOMETER,FREESTANDING,Food Preparation,HOLRESTAURANT,2,7,2017,151707002549
ITALY,06.2017,HOL9472 THERMOMETER,FREESTANDING,Food Preparation,HOLRESTAURANT,2,7,2017,151707003715
ITALY,04.2017,HOL26514 FOOD STORAGE CONTAINER,FREESTANDING,Food Preparation,HOLRESTAURANT,2,7,2017,151707007956
ITALY,06.2017,HOL9472 THERMOMETER,FREESTANDING,Food Preparation,HOLRESTAURANT,2,8,2017,151708000243
ITALY,04.2017,HOL9472 THERMOMETER,FREESTANDING,Food Preparation,HOLRESTAURANT,2,8,2017,151708000271
ITALY,06.2017,HOL9472 THERMOMETER,FREESTANDING,Food Preparation,HOLRESTAURANT,2,8,2017,151708000326
ITALY,04.2017,HOL9472 THERMOMETER,FREESTANDING,Food Preparation,HOLRESTAURANT,2,8,2017,151708000328
ITALY,08.2017,HOL26514 FOOD STORAGE CONTAINER,FREESTANDING,Food Preparation,HOLRESTAURANT,2,8,2017,151708003452
ITALY,12.2017,HOL26514 FOOD STORAGE CONTAINER,FREESTANDING,Food Preparation,HOLRESTAURANT,2,8,2017,151708004999
ITALY,04.2017,HOL26514 FOOD STORAGE CONTAINER,FREESTANDING,Food Preparation,HOLRESTAURANT,2,8,2017,151708006445
ITALY,12.2017,HOL26514 FOOD STORAGE CONTAINER,FREESTANDING,Food Preparation,HOLRESTAURANT,2,8,2017,151708006450
ITALY,06.2017,HOL26514 FOOD STORAGE CONTAINER,FREESTANDING,Food Preparation,HOLRESTAURANT,2,8,2017,151708006451
ITALY,08.2017,HOL9472 THERMOMETER,FREESTANDING,Food Preparation,HOLRESTAURANT,3,10,2017,151710001808
ITALY,06.2017,HOL9472 THERMOMETER,FREESTANDING,Food Preparation,HOLRESTAURANT,3,13,2017,151713008051
ITALY,08.2017,HOL26514 FOOD STORAGE CONTAINER,FREESTANDING,Food Preparation,HOLRESTAURANT,4,14,2017,151714001348
ITALY,11.2017,HOL26514 FOOD STORAGE CONTAINER,FREESTANDING,Food Preparation,HOLRESTAURANT,4,14,2017,151714001360
ITALY,10.2017,HOL26514 FOOD STORAGE CONTAINER,FREESTANDING,Food Preparation,HOLRESTAURANT,4,15,2017,151715001300
ITALY,08.2017,HOL26514 FOOD STORAGE CONTAINER,FREESTANDING,Food Preparation,HOLRESTAURANT,4,15,2017,151715001307
ITALY,09.2017,HOL26514 FOOD STORAGE CONTAINER,FREESTANDING,Food Preparation,HOLRESTAURANT,4,15,2017,151715001307
ITALY,10.2017,HOL26514 FOOD STORAGE CONTAINER,FREESTANDING,Food Preparation,HOLRESTAURANT,4,15,2017,151715001309
ITALY,10.2017,HOL26514 FOOD STORAGE CONTAINER,FREESTANDING,Food Preparation,HOLRESTAURANT,4,15,2017,151715001309
ITALY,07.2017,HOL26514 FOOD STORAGE CONTAINER,FREESTANDING,Food Preparation,HOLRESTAURANT,5,18,2017,151718003298
ITALY,12.2017,HOL26514 FOOD STORAGE CONTAINER,FREESTANDING,Food Preparation,HOLRESTAURANT,5,18,2017,151718003299
ITALY,06.2017,HOL26514 FOOD STORAGE CONTAINER,FREESTANDING,Food Preparation,HOLRESTAURANT,5,18,2017,151718003301
ITALY,09.2017,HOL26514 FOOD STORAGE CONTAINER,FREESTANDING,Food Preparation,HOLRESTAURANT,5,18,2017,151718003313
ITALY,10.2017,HOL26514 FOOD STORAGE CONTAINER,FREESTANDING,Food Preparation,HOLRESTAURANT,5,18,2017,151718003313
ITALY,11.2017,HOL26514 FOOD STORAGE CONTAINER,FREESTANDING,Food Preparation,HOLRESTAURANT,5,18,2017,151718003313
ITALY,11.2017,HOL26514 FOOD STORAGE CONTAINER,FREESTANDING,Food Preparation,HOLRESTAURANT,5,18,2017,151718003313
ITALY,10.2017,HOL9472 THERMOMETER,FREESTANDING,Food Preparation,HOLRESTAURANT,5,18,2017,151718003451
ITALY,12.2017,HOL26514 FOOD STORAGE CONTAINER,FREESTANDING,Food Preparation,HOLRESTAURANT,5,19,2017,151719004787
ITALY,06.2017,HOL9472 THERMOMETER,FREESTANDING,Food Preparation,HOLRESTAURANT,5,20,2017,151720004629
ITALY,11.2017,HOL9472 THERMOMETER,FREESTANDING,Food Preparation,HOLRESTAURANT,5,20,2017,151720004673
ITALY,09.2017,HOL9472 THERMOMETER,FREESTANDING,Food Preparation,HOLRESTAURANT,5,21,2017,151721004167
ITALY,07.2017,HOL9472 THERMOMETER,FREESTANDING,Food Preparation,HOLRESTAURANT,5,22,2017,151722000387
ITALY,10.2017,HOL9472 THERMOMETER,FREESTANDING,Food Preparation,HOLRESTAURANT,5,22,2017,151722001446
ITALY,07.2017,HOL9472 THERMOMETER,FREESTANDING,Food Preparation,HOLRESTAURANT,5,22,2017,151722001505
ITALY,08.2017,HOL26514 FOOD STORAGE CONTAINER,FREESTANDING,Food Preparation,HOLRESTAURANT,5,22,2017,151722004821
ITALY,09.2017,HOL26514 FOOD STORAGE CONTAINER,FREESTANDING,Food Preparation,HOLRESTAURANT,5,22,2017,151722004832
ITALY,08.2017,HOL26514 FOOD STORAGE CONTAINER,FREESTANDING,Food Preparation,HOLRESTAURANT,5,22,2017,151722004845
ITALY,12.2017,HOL9472 THERMOMETER,FREESTANDING,Food Preparation,HOLRESTAURANT,6,23,2017,151723000938
ITALY,11.2017,HOL9472 THERMOMETER,FREESTANDING,Food Preparation,HOLRESTAURANT,6,24,2017,151724000901
ITALY,07.2017,HOL9472 THERMOMETER,FREESTANDING,Food Preparation,HOLRESTAURANT,6,24,2017,151724000915
ITALY,12.2017,HOL9472 THERMOMETER,FREESTANDING,Food Preparation,HOLRESTAURANT,6,24,2017,151724000915
ITALY,12.2017,HOL9472 THERMOMETER,FREESTANDING,Food Preparation,HOLRESTAURANT,6,24,2017,151724000915
ITALY,09.2017,HOL9472 THERMOMETER,FREESTANDING,Food Preparation,HOLRESTAURANT,6,25,2017,151725000668
ITALY,08.2017,HOL9472 THERMOMETER,FREESTANDING,Food Preparation,HOLRESTAURANT,6,25,2017,151725000715
ITALY,11.2017,HOL9472 THERMOMETER,FREESTANDING,Food Preparation,HOLRESTAURANT,6,25,2017,151725000725
ITALY,12.2017,HOL9472 THERMOMETER,FREESTANDING,Food Preparation,HOLRESTAURANT,6,25,2017,151725000736
ITALY,12.2017,HOL9472 THERMOMETER,FREESTANDING,Food Preparation,HOLRESTAURANT,6,25,2017,151725000741
ITALY,09.2017,HOL9472 THERMOMETER,FREESTANDING,Food Preparation,HOLRESTAURANT,6,25,2017,151725001622
ITALY,09.2017,HOL9472 THERMOMETER,FREESTANDING,Food Preparation,HOLRESTAURANT,6,25,2017,151725001652
ITALY,10.2017,HOL9472 THERMOMETER,FREESTANDING,Food Preparation,HOLRESTAURANT,6,25,2017,151725001683
ITALY,10.2017,HOL9472 THERMOMETER,FREESTANDING,Food Preparation,HOLRESTAURANT,6,25,2017,151725004021
ITALY,11.2017,HOL9472 THERMOMETER,FREESTANDING,Food Preparation,HOLRESTAURANT,6,25,2017,151725008756
ITALY,12.2017,HOL26514 FOOD STORAGE CONTAINER,FREESTANDING,Food Preparation,HOLRESTAURANT,6,25,2017,151725009045
ITALY,12.2017,HOL26514 FOOD STORAGE CONTAINER,FREESTANDING,Food Preparation,HOLRESTAURANT,6,25,2017,151725009050
ITALY,10.2017,HOL26514 FOOD STORAGE CONTAINER,FREESTANDING,Food Preparation,HOLRESTAURANT,6,25,2017,151725009829
ITALY,11.2017,HOL26514 FOOD STORAGE CONTAINER,FREESTANDING,Food Preparation,HOLRESTAURANT,6,25,2017,151725009829
ITALY,11.2017,HOL26514 FOOD STORAGE CONTAINER,FREESTANDING,Food Preparation,HOLRESTAURANT,6,25,2017,151725009829
ITALY,12.2017,HOL26514 FOOD STORAGE CONTAINER,FREESTANDING,Food Preparation,HOLRESTAURANT,6,25,2017,151725009834
ITALY,11.2017,HOL9472 THERMOMETER,FREESTANDING,Food Preparation,HOLRESTAURANT,6,25,2017,151725108762
ITALY,10.2017,HOL9472 THERMOMETER,FREESTANDING,Food Preparation,HOLRESTAURANT,7,28,2017,151728007634
ITALY,10.2017,HOL26514 FOOD STORAGE CONTAINER,FREESTANDING,Food Preparation,HOLRESTAURANT,7,28,2017,151728010634
ITALY,11.2017,HOL26514 FOOD STORAGE CONTAINER,FREESTANDING,Food Preparation,HOLRESTAURANT,7,28,2017,151728010634
ITALY,11.2017,HOL26514 FOOD STORAGE CONTAINER,FREESTANDING,Food Preparation,HOLRESTAURANT,7,28,2017,151728010652
ITALY,11.2017,HOL26514 FOOD STORAGE CONTAINER,FREESTANDING,Food Preparation,HOLRESTAURANT,7,30,2017,151730007216
ITALY,10.2017,HOL9472 THERMOMETER,FREESTANDING,Food Preparation,HOLRESTAURANT,8,31,2017,151731006760
ITALY,11.2017,HOL9472 THERMOMETER,FREESTANDING,Food Preparation,HOLRESTAURANT,9,36,2017,151736006245
ITALY,10.2017,HOL9472 THERMOMETER,FREESTANDING,Food Preparation,HOLRESTAURANT,9,36,2017,151736006288
ITALY,11.2017,HOL26514 FOOD STORAGE CONTAINER,FREESTANDING,Food Preparation,HOLRESTAURANT,9,37,2017,151737010359
ITALY,11.2017,HOL26514 FOOD STORAGE CONTAINER,FREESTANDING,Food Preparation,HOLRESTAURANT,9,37,2017,151737010359
ITALY,12.2017,HOL9472 THERMOMETER,FREESTANDING,Food Preparation,HOLRESTAURANT,9,37,2017,151737010439
ITALY,12.2017,HOL9472 THERMOMETER,FREESTANDING,Food Preparation,HOLRESTAURANT,9,38,2017,151738009174
ITALY,11.2017,HOL26514 FOOD STORAGE CONTAINER,FREESTANDING,Food Preparation,HOLRESTAURANT,9,39,2017,151739008146
ITALY,12.2017,HOL9472 THERMOMETER,FREESTANDING,Food Preparation,HOLRESTAURANT,10,42,2017,151742005578
ITALY,12.2017,HOL9472 THERMOMETER,FREESTANDING,Food Preparation,HOLRESTAURANT,11,46,2017,151746016797
ITALY,11.2017,HOL26514 FOOD STORAGE CONTAINER,FREESTANDING,Food Preparation,HOLRESTAURANT,3,10,2015,221510000001
ITALY,11.2017,HOL26514 FOOD STORAGE CONTAINER,FREESTANDING,Food Preparation,HOLRESTAURANT,2,7,2017,341707000041
ITALY,12.2017,HOL26514 FOOD STORAGE CONTAINER,FREESTANDING,Food Preparation,HOLRESTAURANT,6,25,2017,341725637359
ITALY,09.2017,HOL9472 THERMOMETER,FREESTANDING,Food Preparation,HOLRESTAURANT,1,2,10,371002300182
ITALY,12.2017,HOL26514 FOOD STORAGE CONTAINER,FREESTANDING,Food Preparation,HOLRESTAURANT,7,27,2011,371127302894
ITALY,05.2017,HOL26514 FOOD STORAGE CONTAINER,FREESTANDING,Food Preparation,HOLRESTAURANT,8,35,2013,371335004875
ITALY,08.2017,HOL26514 FOOD STORAGE CONTAINER,FREESTANDING,Food Preparation,HOLRESTAURANT,8,35,2013,371335004999
ITALY,09.2017,HOL26514 FOOD STORAGE CONTAINER,FREESTANDING,Food Preparation,HOLRESTAURANT,9,37,2013,371337009260
ITALY,10.2017,HOL26514 FOOD STORAGE CONTAINER,FREESTANDING,Food Preparation,HOLRESTAURANT,11,48,2013,371348009218
ITALY,11.2017,HOL26514 FOOD STORAGE CONTAINER,FREESTANDING,Food Preparation,HOLRESTAURANT,2,7,2014,371407000041
ITALY,11.2017,HOL26514 FOOD STORAGE CONTAINER,FREESTANDING,Food Preparation,HOLRESTAURANT,2,7,2014,371407000072
ITALY,01.2017,HOL26514 FOOD STORAGE CONTAINER,FREESTANDING,Food Preparation,HOLRESTAURANT,3,12,2014,371412002129
ITALY,08.2017,HOL26514 FOOD STORAGE CONTAINER,FREESTANDING,Food Preparation,HOLRESTAURANT,4,14,2014,371414003439
ITALY,02.2017,HOL26514 FOOD STORAGE CONTAINER,FREESTANDING,Food Preparation,HOLRESTAURANT,4,14,2014,371414003475
ITALY,04.2017,HOL26514 FOOD STORAGE CONTAINER,FREESTANDING,Food Preparation,HOLRESTAURANT,4,14,2014,371414003475
ITALY,12.2017,HOL26514 FOOD STORAGE CONTAINER,FREESTANDING,Food Preparation,HOLRESTAURANT,5,22,2014,371422006577
ITALY,05.2017,HOL26514 FOOD STORAGE CONTAINER,FREESTANDING,Food Preparation,HOLRESTAURANT,1,3,2015,421503003511
ITALY,05.2017,HOL26514 FOOD STORAGE CONTAINER,FREESTANDING,Food Preparation,HOLRESTAURANT,1,3,2015,421503003511
ITALY,05.2017,HOL26514 FOOD STORAGE CONTAINER,FREESTANDING,Food Preparation,HOLRESTAURANT,1,3,2015,421503003511
